<annotation>
	<folder></folder>
	<filename>Y2Mate_is---Deadly-Road-------05-Stone-Chips-Loaded-Trucks-Are-Fighting-With-Dangerous-Road-With-Very-Risk_-0Q0bZcEiGeg-1080p-1647533558483_mp4-38_jpg.rf.2f715c58a7f9c3b8d5b2ec6ee273e84a.jpg</filename>
	<path>Y2Mate_is---Deadly-Road-------05-Stone-Chips-Loaded-Trucks-Are-Fighting-With-Dangerous-Road-With-Very-Risk_-0Q0bZcEiGeg-1080p-1647533558483_mp4-38_jpg.rf.2f715c58a7f9c3b8d5b2ec6ee273e84a.jpg</path>
	<source>
		<database>roboflow.ai</database>
	</source>
	<size>
		<width>256</width>
		<height>256</height>
		<depth>3</depth>
	</size>
	<segmented>0</segmented>
	<object>
		<name>truck</name>
		<pose>Unspecified</pose>
		<truncated>0</truncated>
		<difficult>0</difficult>
		<occluded>0</occluded>
		<bndbox>
			<xmin>70</xmin>
			<xmax>163</xmax>
			<ymin>13</ymin>
			<ymax>152</ymax>
		</bndbox>
	</object>
	<object>
		<name>number plate</name>
		<pose>Unspecified</pose>
		<truncated>0</truncated>
		<difficult>0</difficult>
		<occluded>0</occluded>
		<bndbox>
			<xmin>133</xmin>
			<xmax>142</xmax>
			<ymin>136</ymin>
			<ymax>146</ymax>
		</bndbox>
	</object>
</annotation>
