<annotation>
	<folder></folder>
	<filename>Y2Mate_is---Deadly-Road-------04-Struggles-Of-Trucks-On-Dangerous-Road-Tata-Trucks--Ashok-Leyland-Trucks_-2PwjEb0bRlY-1080p-1647533680972_mp4-14_jpg.rf.15fca7661762d77602b7471ccb92d9c7.jpg</filename>
	<path>Y2Mate_is---Deadly-Road-------04-Struggles-Of-Trucks-On-Dangerous-Road-Tata-Trucks--Ashok-Leyland-Trucks_-2PwjEb0bRlY-1080p-1647533680972_mp4-14_jpg.rf.15fca7661762d77602b7471ccb92d9c7.jpg</path>
	<source>
		<database>roboflow.ai</database>
	</source>
	<size>
		<width>256</width>
		<height>256</height>
		<depth>3</depth>
	</size>
	<segmented>0</segmented>
	<object>
		<name>truck</name>
		<pose>Unspecified</pose>
		<truncated>0</truncated>
		<difficult>0</difficult>
		<occluded>0</occluded>
		<bndbox>
			<xmin>44</xmin>
			<xmax>105</xmax>
			<ymin>49</ymin>
			<ymax>132</ymax>
		</bndbox>
	</object>
	<object>
		<name>truck</name>
		<pose>Unspecified</pose>
		<truncated>0</truncated>
		<difficult>0</difficult>
		<occluded>0</occluded>
		<bndbox>
			<xmin>108</xmin>
			<xmax>203</xmax>
			<ymin>38</ymin>
			<ymax>159</ymax>
		</bndbox>
	</object>
	<object>
		<name>number plate</name>
		<pose>Unspecified</pose>
		<truncated>0</truncated>
		<difficult>0</difficult>
		<occluded>0</occluded>
		<bndbox>
			<xmin>86</xmin>
			<xmax>92</xmax>
			<ymin>114</ymin>
			<ymax>118</ymax>
		</bndbox>
	</object>
	<object>
		<name>number plate</name>
		<pose>Unspecified</pose>
		<truncated>0</truncated>
		<difficult>0</difficult>
		<occluded>0</occluded>
		<bndbox>
			<xmin>175</xmin>
			<xmax>182</xmax>
			<ymin>144</ymin>
			<ymax>151</ymax>
		</bndbox>
	</object>
</annotation>
