<annotation>
	<folder></folder>
	<filename>Y2Mate_is---Deadly-Road-------01-Trucks-Are-Running-On-Deadly-Road--16-Wheeler--14-Wheeler---12-Wheeler-Trucks-e7DssKuSd98-1080p-1647533688980_mp4-491_jpg.rf.a7e228693e96590a96346ae7123dd32c.jpg</filename>
	<path>Y2Mate_is---Deadly-Road-------01-Trucks-Are-Running-On-Deadly-Road--16-Wheeler--14-Wheeler---12-Wheeler-Trucks-e7DssKuSd98-1080p-1647533688980_mp4-491_jpg.rf.a7e228693e96590a96346ae7123dd32c.jpg</path>
	<source>
		<database>roboflow.ai</database>
	</source>
	<size>
		<width>256</width>
		<height>256</height>
		<depth>3</depth>
	</size>
	<segmented>0</segmented>
	<object>
		<name>truck</name>
		<pose>Unspecified</pose>
		<truncated>0</truncated>
		<difficult>0</difficult>
		<occluded>0</occluded>
		<bndbox>
			<xmin>68</xmin>
			<xmax>179</xmax>
			<ymin>1</ymin>
			<ymax>135</ymax>
		</bndbox>
	</object>
	<object>
		<name>number plate</name>
		<pose>Unspecified</pose>
		<truncated>0</truncated>
		<difficult>0</difficult>
		<occluded>0</occluded>
		<bndbox>
			<xmin>154</xmin>
			<xmax>164</xmax>
			<ymin>109</ymin>
			<ymax>113</ymax>
		</bndbox>
	</object>
</annotation>
