<annotation>
	<folder></folder>
	<filename>Y2Mate_is---Deadly-Road-------05-Stone-Chips-Loaded-Trucks-Are-Fighting-With-Dangerous-Road-With-Very-Risk_-0Q0bZcEiGeg-1080p-1647533558483_mp4-411_jpg.rf.69efc35b2089156e0ebc062b69db2264.jpg</filename>
	<path>Y2Mate_is---Deadly-Road-------05-Stone-Chips-Loaded-Trucks-Are-Fighting-With-Dangerous-Road-With-Very-Risk_-0Q0bZcEiGeg-1080p-1647533558483_mp4-411_jpg.rf.69efc35b2089156e0ebc062b69db2264.jpg</path>
	<source>
		<database>roboflow.ai</database>
	</source>
	<size>
		<width>256</width>
		<height>256</height>
		<depth>3</depth>
	</size>
	<segmented>0</segmented>
	<object>
		<name>truck</name>
		<pose>Unspecified</pose>
		<truncated>0</truncated>
		<difficult>0</difficult>
		<occluded>0</occluded>
		<bndbox>
			<xmin>75</xmin>
			<xmax>120</xmax>
			<ymin>30</ymin>
			<ymax>124</ymax>
		</bndbox>
	</object>
	<object>
		<name>number plate</name>
		<pose>Unspecified</pose>
		<truncated>0</truncated>
		<difficult>0</difficult>
		<occluded>0</occluded>
		<bndbox>
			<xmin>92</xmin>
			<xmax>100</xmax>
			<ymin>103</ymin>
			<ymax>112</ymax>
		</bndbox>
	</object>
</annotation>
