<annotation>
	<folder></folder>
	<filename>Y2Mate_is---Deadly-Road-------05-Stone-Chips-Loaded-Trucks-Are-Fighting-With-Dangerous-Road-With-Very-Risk_-0Q0bZcEiGeg-1080p-1647533558483_mp4-20_jpg.rf.282f6395d62a14acd7447e9ad1d262e1.jpg</filename>
	<path>Y2Mate_is---Deadly-Road-------05-Stone-Chips-Loaded-Trucks-Are-Fighting-With-Dangerous-Road-With-Very-Risk_-0Q0bZcEiGeg-1080p-1647533558483_mp4-20_jpg.rf.282f6395d62a14acd7447e9ad1d262e1.jpg</path>
	<source>
		<database>roboflow.ai</database>
	</source>
	<size>
		<width>256</width>
		<height>256</height>
		<depth>3</depth>
	</size>
	<segmented>0</segmented>
	<object>
		<name>truck</name>
		<pose>Unspecified</pose>
		<truncated>0</truncated>
		<difficult>0</difficult>
		<occluded>0</occluded>
		<bndbox>
			<xmin>90</xmin>
			<xmax>142</xmax>
			<ymin>12</ymin>
			<ymax>155</ymax>
		</bndbox>
	</object>
	<object>
		<name>number plate</name>
		<pose>Unspecified</pose>
		<truncated>0</truncated>
		<difficult>0</difficult>
		<occluded>0</occluded>
		<bndbox>
			<xmin>113</xmin>
			<xmax>121</xmax>
			<ymin>121</ymin>
			<ymax>134</ymax>
		</bndbox>
	</object>
</annotation>
