<annotation>
	<folder></folder>
	<filename>Y2Mate_is---Deadly-Road-------05-Stone-Chips-Loaded-Trucks-Are-Fighting-With-Dangerous-Road-With-Very-Risk_-0Q0bZcEiGeg-1080p-1647533558483_mp4-39_jpg.rf.a193e0f7fa50cf73dbc0cd3895b8c2d3.jpg</filename>
	<path>Y2Mate_is---Deadly-Road-------05-Stone-Chips-Loaded-Trucks-Are-Fighting-With-Dangerous-Road-With-Very-Risk_-0Q0bZcEiGeg-1080p-1647533558483_mp4-39_jpg.rf.a193e0f7fa50cf73dbc0cd3895b8c2d3.jpg</path>
	<source>
		<database>roboflow.ai</database>
	</source>
	<size>
		<width>256</width>
		<height>256</height>
		<depth>3</depth>
	</size>
	<segmented>0</segmented>
	<object>
		<name>truck</name>
		<pose>Unspecified</pose>
		<truncated>0</truncated>
		<difficult>0</difficult>
		<occluded>0</occluded>
		<bndbox>
			<xmin>120</xmin>
			<xmax>164</xmax>
			<ymin>48</ymin>
			<ymax>153</ymax>
		</bndbox>
	</object>
	<object>
		<name>number plate</name>
		<pose>Unspecified</pose>
		<truncated>0</truncated>
		<difficult>0</difficult>
		<occluded>0</occluded>
		<bndbox>
			<xmin>144</xmin>
			<xmax>151</xmax>
			<ymin>134</ymin>
			<ymax>144</ymax>
		</bndbox>
	</object>
</annotation>
