<annotation>
	<folder></folder>
	<filename>Y2Mate_is---Deadly-Road-------04-Struggles-Of-Trucks-On-Dangerous-Road-Tata-Trucks--Ashok-Leyland-Trucks_-2PwjEb0bRlY-1080p-1647533680972_mp4-385_jpg.rf.5253b1328b3ef9ebed5a19da3a53caa8.jpg</filename>
	<path>Y2Mate_is---Deadly-Road-------04-Struggles-Of-Trucks-On-Dangerous-Road-Tata-Trucks--Ashok-Leyland-Trucks_-2PwjEb0bRlY-1080p-1647533680972_mp4-385_jpg.rf.5253b1328b3ef9ebed5a19da3a53caa8.jpg</path>
	<source>
		<database>roboflow.ai</database>
	</source>
	<size>
		<width>256</width>
		<height>256</height>
		<depth>3</depth>
	</size>
	<segmented>0</segmented>
	<object>
		<name>truck</name>
		<pose>Unspecified</pose>
		<truncated>0</truncated>
		<difficult>0</difficult>
		<occluded>0</occluded>
		<bndbox>
			<xmin>139</xmin>
			<xmax>255</xmax>
			<ymin>1</ymin>
			<ymax>200</ymax>
		</bndbox>
	</object>
	<object>
		<name>number plate</name>
		<pose>Unspecified</pose>
		<truncated>0</truncated>
		<difficult>0</difficult>
		<occluded>0</occluded>
		<bndbox>
			<xmin>238</xmin>
			<xmax>250</xmax>
			<ymin>147</ymin>
			<ymax>165</ymax>
		</bndbox>
	</object>
</annotation>
