<annotation>
	<folder></folder>
	<filename>Y2Mate_is---Deadly-Road-------01-Trucks-Are-Running-On-Deadly-Road--16-Wheeler--14-Wheeler---12-Wheeler-Trucks-e7DssKuSd98-1080p-1647533688980_mp4-77_jpg.rf.21a4ba8a1d075a1e9b71a418a8947b8d.jpg</filename>
	<path>Y2Mate_is---Deadly-Road-------01-Trucks-Are-Running-On-Deadly-Road--16-Wheeler--14-Wheeler---12-Wheeler-Trucks-e7DssKuSd98-1080p-1647533688980_mp4-77_jpg.rf.21a4ba8a1d075a1e9b71a418a8947b8d.jpg</path>
	<source>
		<database>roboflow.ai</database>
	</source>
	<size>
		<width>256</width>
		<height>256</height>
		<depth>3</depth>
	</size>
	<segmented>0</segmented>
	<object>
		<name>truck</name>
		<pose>Unspecified</pose>
		<truncated>0</truncated>
		<difficult>0</difficult>
		<occluded>0</occluded>
		<bndbox>
			<xmin>57</xmin>
			<xmax>167</xmax>
			<ymin>37</ymin>
			<ymax>157</ymax>
		</bndbox>
		<polygon>
			<x1>70.807261</x1>
			<y1>131.002478</y1>
			<x2>117.418814</x2>
			<y2>155.654329</y2>
			<x3>162.251295</x3>
			<y3>149.649382</y3>
			<x4>165.809423</x4>
			<y4>77.274078</y4>
			<x5>152.288527</x5>
			<y5>35.871604</y5>
			<x6>111.192086</x6>
			<y6>38.400004</y6>
			<x7>101.940934</x7>
			<y7>54.834567</y7>
			<x8>55.83055</x8>
			<y8>56.256789</y8>
			<x9>59.599141</x9>
			<y9>110.143218</y9>
			<x10>69.028206</x10>
			<y10>113.303707</y10>
			<x11>70.807261</x11>
			<y11>131.002478</y11>
		</polygon>
	</object>
	<object>
		<name>number plate</name>
		<pose>Unspecified</pose>
		<truncated>0</truncated>
		<difficult>0</difficult>
		<occluded>0</occluded>
		<bndbox>
			<xmin>143</xmin>
			<xmax>149</xmax>
			<ymin>139</ymin>
			<ymax>146</ymax>
		</bndbox>
	</object>
</annotation>
