<annotation>
	<folder></folder>
	<filename>Y2Mate_is---Deadly-Road-------04-Struggles-Of-Trucks-On-Dangerous-Road-Tata-Trucks--Ashok-Leyland-Trucks_-2PwjEb0bRlY-1080p-1647533680972_mp4-117_jpg.rf.b745e4d31dba8386d8639f695198db67.jpg</filename>
	<path>Y2Mate_is---Deadly-Road-------04-Struggles-Of-Trucks-On-Dangerous-Road-Tata-Trucks--Ashok-Leyland-Trucks_-2PwjEb0bRlY-1080p-1647533680972_mp4-117_jpg.rf.b745e4d31dba8386d8639f695198db67.jpg</path>
	<source>
		<database>roboflow.ai</database>
	</source>
	<size>
		<width>256</width>
		<height>256</height>
		<depth>3</depth>
	</size>
	<segmented>0</segmented>
	<object>
		<name>truck</name>
		<pose>Unspecified</pose>
		<truncated>0</truncated>
		<difficult>0</difficult>
		<occluded>0</occluded>
		<bndbox>
			<xmin>117</xmin>
			<xmax>177</xmax>
			<ymin>50</ymin>
			<ymax>156</ymax>
		</bndbox>
	</object>
	<object>
		<name>number plate</name>
		<pose>Unspecified</pose>
		<truncated>0</truncated>
		<difficult>0</difficult>
		<occluded>0</occluded>
		<bndbox>
			<xmin>143</xmin>
			<xmax>155</xmax>
			<ymin>141</ymin>
			<ymax>153</ymax>
		</bndbox>
	</object>
</annotation>
