<annotation>
	<folder></folder>
	<filename>Y2Mate_is---Deadly-Road-------05-Stone-Chips-Loaded-Trucks-Are-Fighting-With-Dangerous-Road-With-Very-Risk_-0Q0bZcEiGeg-1080p-1647533558483_mp4-298_jpg.rf.f5ee8b241f818472f7bb3a9a586605a0.jpg</filename>
	<path>Y2Mate_is---Deadly-Road-------05-Stone-Chips-Loaded-Trucks-Are-Fighting-With-Dangerous-Road-With-Very-Risk_-0Q0bZcEiGeg-1080p-1647533558483_mp4-298_jpg.rf.f5ee8b241f818472f7bb3a9a586605a0.jpg</path>
	<source>
		<database>roboflow.ai</database>
	</source>
	<size>
		<width>256</width>
		<height>256</height>
		<depth>3</depth>
	</size>
	<segmented>0</segmented>
	<object>
		<name>truck</name>
		<pose>Unspecified</pose>
		<truncated>0</truncated>
		<difficult>0</difficult>
		<occluded>0</occluded>
		<bndbox>
			<xmin>50</xmin>
			<xmax>167</xmax>
			<ymin>3</ymin>
			<ymax>178</ymax>
		</bndbox>
	</object>
	<object>
		<name>number plate</name>
		<pose>Unspecified</pose>
		<truncated>0</truncated>
		<difficult>0</difficult>
		<occluded>0</occluded>
		<bndbox>
			<xmin>128</xmin>
			<xmax>138</xmax>
			<ymin>130</ymin>
			<ymax>144</ymax>
		</bndbox>
	</object>
</annotation>
