<annotation>
	<folder></folder>
	<filename>Y2Mate_is---Deadly-Road-------01-Trucks-Are-Running-On-Deadly-Road--16-Wheeler--14-Wheeler---12-Wheeler-Trucks-e7DssKuSd98-1080p-1647533688980_mp4-102_jpg.rf.7b66f43b714da34ea2afc2ecbf30d710.jpg</filename>
	<path>Y2Mate_is---Deadly-Road-------01-Trucks-Are-Running-On-Deadly-Road--16-Wheeler--14-Wheeler---12-Wheeler-Trucks-e7DssKuSd98-1080p-1647533688980_mp4-102_jpg.rf.7b66f43b714da34ea2afc2ecbf30d710.jpg</path>
	<source>
		<database>roboflow.ai</database>
	</source>
	<size>
		<width>256</width>
		<height>256</height>
		<depth>3</depth>
	</size>
	<segmented>0</segmented>
	<object>
		<name>truck</name>
		<pose>Unspecified</pose>
		<truncated>0</truncated>
		<difficult>0</difficult>
		<occluded>0</occluded>
		<bndbox>
			<xmin>37</xmin>
			<xmax>217</xmax>
			<ymin>5</ymin>
			<ymax>208</ymax>
		</bndbox>
	</object>
	<object>
		<name>number plate</name>
		<pose>Unspecified</pose>
		<truncated>0</truncated>
		<difficult>0</difficult>
		<occluded>0</occluded>
		<bndbox>
			<xmin>170</xmin>
			<xmax>186</xmax>
			<ymin>155</ymin>
			<ymax>173</ymax>
		</bndbox>
	</object>
</annotation>
