<annotation>
	<folder></folder>
	<filename>Y2Mate_is---Deadly-Road-------01-Trucks-Are-Running-On-Deadly-Road--16-Wheeler--14-Wheeler---12-Wheeler-Trucks-e7DssKuSd98-1080p-1647533688980_mp4-464_jpg.rf.130bdfdec6c72bd06c8b7e7929072abf.jpg</filename>
	<path>Y2Mate_is---Deadly-Road-------01-Trucks-Are-Running-On-Deadly-Road--16-Wheeler--14-Wheeler---12-Wheeler-Trucks-e7DssKuSd98-1080p-1647533688980_mp4-464_jpg.rf.130bdfdec6c72bd06c8b7e7929072abf.jpg</path>
	<source>
		<database>roboflow.ai</database>
	</source>
	<size>
		<width>256</width>
		<height>256</height>
		<depth>3</depth>
	</size>
	<segmented>0</segmented>
	<object>
		<name>truck</name>
		<pose>Unspecified</pose>
		<truncated>0</truncated>
		<difficult>0</difficult>
		<occluded>0</occluded>
		<bndbox>
			<xmin>43</xmin>
			<xmax>167</xmax>
			<ymin>1</ymin>
			<ymax>158</ymax>
		</bndbox>
	</object>
	<object>
		<name>number plate</name>
		<pose>Unspecified</pose>
		<truncated>0</truncated>
		<difficult>0</difficult>
		<occluded>0</occluded>
		<bndbox>
			<xmin>141</xmin>
			<xmax>150</xmax>
			<ymin>140</ymin>
			<ymax>152</ymax>
		</bndbox>
	</object>
</annotation>
