<annotation>
	<folder></folder>
	<filename>Y2Mate_is---Deadly-Road-------01-Trucks-Are-Running-On-Deadly-Road--16-Wheeler--14-Wheeler---12-Wheeler-Trucks-e7DssKuSd98-1080p-1647533688980_mp4-90_jpg.rf.3fad70d78b9eef32a6b2ebd9201d5fae.jpg</filename>
	<path>Y2Mate_is---Deadly-Road-------01-Trucks-Are-Running-On-Deadly-Road--16-Wheeler--14-Wheeler---12-Wheeler-Trucks-e7DssKuSd98-1080p-1647533688980_mp4-90_jpg.rf.3fad70d78b9eef32a6b2ebd9201d5fae.jpg</path>
	<source>
		<database>roboflow.ai</database>
	</source>
	<size>
		<width>256</width>
		<height>256</height>
		<depth>3</depth>
	</size>
	<segmented>0</segmented>
	<object>
		<name>truck</name>
		<pose>Unspecified</pose>
		<truncated>0</truncated>
		<difficult>0</difficult>
		<occluded>0</occluded>
		<bndbox>
			<xmin>69</xmin>
			<xmax>169</xmax>
			<ymin>15</ymin>
			<ymax>144</ymax>
		</bndbox>
	</object>
	<object>
		<name>number plate</name>
		<pose>Unspecified</pose>
		<truncated>0</truncated>
		<difficult>0</difficult>
		<occluded>0</occluded>
		<bndbox>
			<xmin>145</xmin>
			<xmax>152</xmax>
			<ymin>131</ymin>
			<ymax>140</ymax>
		</bndbox>
	</object>
</annotation>
