<annotation>
	<folder></folder>
	<filename>Y2Mate_is---Deadly-Road-------04-Struggles-Of-Trucks-On-Dangerous-Road-Tata-Trucks--Ashok-Leyland-Trucks_-2PwjEb0bRlY-1080p-1647533680972_mp4-156_jpg.rf.403a826ca803bc37f0e5e89c85a41722.jpg</filename>
	<path>Y2Mate_is---Deadly-Road-------04-Struggles-Of-Trucks-On-Dangerous-Road-Tata-Trucks--Ashok-Leyland-Trucks_-2PwjEb0bRlY-1080p-1647533680972_mp4-156_jpg.rf.403a826ca803bc37f0e5e89c85a41722.jpg</path>
	<source>
		<database>roboflow.ai</database>
	</source>
	<size>
		<width>256</width>
		<height>256</height>
		<depth>3</depth>
	</size>
	<segmented>0</segmented>
	<object>
		<name>truck</name>
		<pose>Unspecified</pose>
		<truncated>0</truncated>
		<difficult>0</difficult>
		<occluded>0</occluded>
		<bndbox>
			<xmin>88</xmin>
			<xmax>174</xmax>
			<ymin>35</ymin>
			<ymax>156</ymax>
		</bndbox>
	</object>
	<object>
		<name>number plate</name>
		<pose>Unspecified</pose>
		<truncated>0</truncated>
		<difficult>0</difficult>
		<occluded>0</occluded>
		<bndbox>
			<xmin>149</xmin>
			<xmax>157</xmax>
			<ymin>128</ymin>
			<ymax>135</ymax>
		</bndbox>
	</object>
</annotation>
