<annotation>
	<folder></folder>
	<filename>Y2Mate_is---Deadly-Road-------04-Struggles-Of-Trucks-On-Dangerous-Road-Tata-Trucks--Ashok-Leyland-Trucks_-2PwjEb0bRlY-1080p-1647533680972_mp4-165_jpg.rf.5b9a161b68c2967498a43727761db621.jpg</filename>
	<path>Y2Mate_is---Deadly-Road-------04-Struggles-Of-Trucks-On-Dangerous-Road-Tata-Trucks--Ashok-Leyland-Trucks_-2PwjEb0bRlY-1080p-1647533680972_mp4-165_jpg.rf.5b9a161b68c2967498a43727761db621.jpg</path>
	<source>
		<database>roboflow.ai</database>
	</source>
	<size>
		<width>256</width>
		<height>256</height>
		<depth>3</depth>
	</size>
	<segmented>0</segmented>
	<object>
		<name>truck</name>
		<pose>Unspecified</pose>
		<truncated>0</truncated>
		<difficult>0</difficult>
		<occluded>0</occluded>
		<bndbox>
			<xmin>121</xmin>
			<xmax>171</xmax>
			<ymin>43</ymin>
			<ymax>126</ymax>
		</bndbox>
	</object>
	<object>
		<name>number plate</name>
		<pose>Unspecified</pose>
		<truncated>0</truncated>
		<difficult>0</difficult>
		<occluded>0</occluded>
		<bndbox>
			<xmin>143</xmin>
			<xmax>154</xmax>
			<ymin>108</ymin>
			<ymax>121</ymax>
		</bndbox>
	</object>
</annotation>
