<annotation>
	<folder></folder>
	<filename>Y2Mate_is---Deadly-Road-------01-Trucks-Are-Running-On-Deadly-Road--16-Wheeler--14-Wheeler---12-Wheeler-Trucks-e7DssKuSd98-1080p-1647533688980_mp4-23_jpg.rf.18994e6238d91415e5c172401d8f3277.jpg</filename>
	<path>Y2Mate_is---Deadly-Road-------01-Trucks-Are-Running-On-Deadly-Road--16-Wheeler--14-Wheeler---12-Wheeler-Trucks-e7DssKuSd98-1080p-1647533688980_mp4-23_jpg.rf.18994e6238d91415e5c172401d8f3277.jpg</path>
	<source>
		<database>roboflow.ai</database>
	</source>
	<size>
		<width>256</width>
		<height>256</height>
		<depth>3</depth>
	</size>
	<segmented>0</segmented>
	<object>
		<name>truck</name>
		<pose>Unspecified</pose>
		<truncated>0</truncated>
		<difficult>0</difficult>
		<occluded>0</occluded>
		<bndbox>
			<xmin>110</xmin>
			<xmax>162</xmax>
			<ymin>30</ymin>
			<ymax>135</ymax>
		</bndbox>
	</object>
	<object>
		<name>number plate</name>
		<pose>Unspecified</pose>
		<truncated>0</truncated>
		<difficult>0</difficult>
		<occluded>0</occluded>
		<bndbox>
			<xmin>144</xmin>
			<xmax>149</xmax>
			<ymin>123</ymin>
			<ymax>129</ymax>
		</bndbox>
	</object>
</annotation>
